"id","WI-6.R1","WI-6.R2","WI-6.R4","WM-6.R1","WM-6.R2","WI-12.R1","WI-12.R2","WI-12.R4","WM-12.R1","WM-12.R2","WM-12.R4"
"Gene 1",2.1824242,2.2042219,4.1956364,2.6273345,5.0636408,4.5400018,5.5346768,4.4115205,3.84615134,4.17587726,3.7255782
"Gene 2",1.4642236,0.5854472,1.8592378,0.5152242,2.8828076,1.3640372,2.9600693,1.309185,1.18272445,1.18723554,0.88977494
"Gene 3",2.0317925,0.8701078,3.2819835,0.5330452,4.627315,2.1821918,5.5562093,2.5390646,2.53996024,3.04129258,1.35071933
